id;check_in_time;check_in_lat;check_in_lng;check_out_time;check_out_lat;check_out_lng;user_id;created_date;created_by;last_modified_date;last_modified_by
1;2025-04-03T20:30:51;2077;4184;2025-04-04T09:04:06;54755;96410;74163;2025-04-03T11:11:36;Marketing Awesome Cotton Cheese virtual;2025-04-04T09:15:35;connecting
2;2025-04-04T09:14:02;31689;44858;2025-04-03T14:47:02;3387;82997;37650;2025-04-03T23:47:09;Lesotho Tennessee;2025-04-03T11:35:03;Uganda Shilling Money Market Account mint green
3;2025-04-03T13:17:33;65933;85334;2025-04-04T06:06:02;7619;36542;85435;2025-04-04T09:01:01;Strategist RSS;2025-04-04T00:29:15;XSS Borders protocol
4;2025-04-03T12:45:45;28175;15107;2025-04-03T14:33:21;40018;51064;15278;2025-04-03T19:33:45;parsing redundant;2025-04-04T06:25:03;enhance Dynamic Forward
5;2025-04-03T12:57:07;48434;78362;2025-04-03T10:39:43;2588;12828;84883;2025-04-03T20:56:22;generate Central ADP;2025-04-03T10:41:51;Unbranded Soft Mouse Associate
6;2025-04-04T06:24:56;40098;74375;2025-04-04T09:20:31;45512;37360;55216;2025-04-04T08:00:28;navigating Lodge Home Loan Account;2025-04-04T03:26:18;Avon Savings Account
7;2025-04-03T19:03:03;37196;75016;2025-04-03T22:17:54;5329;78026;42140;2025-04-04T07:18:18;Directives Moroccan Dirham Plains;2025-04-04T06:46:38;Streamlined
8;2025-04-03T22:54:55;64958;13312;2025-04-03T22:55:37;33921;74835;68526;2025-04-04T09:29:00;lavender blue;2025-04-04T06:42:49;strategic
9;2025-04-03T20:00:49;32244;27888;2025-04-03T14:59:15;9809;85276;69075;2025-04-03T16:05:15;Kip IB;2025-04-03T09:43:24;emulation Branding Awesome Plastic Chicken
10;2025-04-04T08:48:57;64011;5518;2025-04-04T08:54:14;87055;54238;78726;2025-04-03T16:11:00;Home Loan Account withdrawal conglomeration;2025-04-03T13:22:41;backing up
